domain,goal,tool,url
COMPUTE ENGINES,Analytics Engines,Amazon Athena,https://aws.amazon.com/athena/
COMPUTE ENGINES,Analytics Engines,Amazon Redshift,https://aws.amazon.com/redshift/
COMPUTE ENGINES,Analytics Engines,Apache Arrow DataFusion,https://github.com/apache/arrow-datafusion
COMPUTE ENGINES,Analytics Engines,Apache Doris,https://doris.apache.org/
COMPUTE ENGINES,Analytics Engines,Apache Druid,https://druid.apache.org/
COMPUTE ENGINES,Analytics Engines,Apache Impala,https://impala.apache.org/overview.html
COMPUTE ENGINES,Analytics Engines,Apache Kylin,http://kylin.apache.org/
COMPUTE ENGINES,Analytics Engines,Apache Pinot,https://pinot.apache.org/
COMPUTE ENGINES,Analytics Engines,ClickHouse,https://clickhouse.tech/
COMPUTE ENGINES,Analytics Engines,Data Lakehouse,https://databricks.com/product/data-lakehouse
COMPUTE ENGINES,Analytics Engines,Dremio,https://www.dremio.com/
COMPUTE ENGINES,Analytics Engines,Firebolt,https://www.firebolt.io/
COMPUTE ENGINES,Analytics Engines,Google BigQuery,https://cloud.google.com/bigquery
COMPUTE ENGINES,Analytics Engines,Hazelcast,https://hazelcast.com/
COMPUTE ENGINES,Analytics Engines,Hydra,https://hydra.so/
COMPUTE ENGINES,Analytics Engines,Imply,https://imply.io/
COMPUTE ENGINES,Analytics Engines,Kx,https://kx.com/
COMPUTE ENGINES,Analytics Engines,LakeSoul,https://lakesoul-io.github.io/
COMPUTE ENGINES,Analytics Engines,Materialize,https://materialize.com/
COMPUTE ENGINES,Analytics Engines,Pentaho,https://pentaho.com/
COMPUTE ENGINES,Analytics Engines,Polars,https://www.pola.rs/
COMPUTE ENGINES,Analytics Engines,Prestodb,https://prestodb.io/
COMPUTE ENGINES,Analytics Engines,Qubole,https://www.qubole.com/
COMPUTE ENGINES,Analytics Engines,QuestDB,https://questdb.io/
COMPUTE ENGINES,Analytics Engines,Redis,https://redis.io/
COMPUTE ENGINES,Analytics Engines,Rockset,https://www.linkedin.com/company/rocksetcloud/
COMPUTE ENGINES,Analytics Engines,SingleStore,https://www.singlestore.com/
COMPUTE ENGINES,Analytics Engines,Snowflake,https://www.snowflake.com/
COMPUTE ENGINES,Analytics Engines,StarRocks,https://www.starrocks.io/
COMPUTE ENGINES,Analytics Engines,StarTree,https://www.startree.ai/
COMPUTE ENGINES,Analytics Engines,Starburst,https://www.starburst.io/
COMPUTE ENGINES,Analytics Engines,Trino,https://trino.io/
COMPUTE ENGINES,Analytics Engines,Voltron Data,https://voltrondata.com/
COMPUTE ENGINES,Analytics Engines,Yellowbrick,https://yellowbrick.com/
COMPUTE ENGINES,Analytics Engines,dbt,https://www.getdbt.com/
COMPUTE ENGINES,Distributed Compute,Akka,https://akka.io/
COMPUTE ENGINES,Distributed Compute,Amazon EMR,https://aws.amazon.com/emr/
COMPUTE ENGINES,Distributed Compute,Apache Spark,https://spark.apache.org/
COMPUTE ENGINES,Distributed Compute,Ascend.io,https://www.ascend.io/
COMPUTE ENGINES,Distributed Compute,Azure HDInsight,https://azure.microsoft.com/en-us/services/hdinsight/
COMPUTE ENGINES,Distributed Compute,Bodo,http://www.bodo.ai
COMPUTE ENGINES,Distributed Compute,Cloudera,https://www.cloudera.com/
COMPUTE ENGINES,Distributed Compute,Dask,https://github.com/dask/dask
COMPUTE ENGINES,Distributed Compute,Databricks,https://www.databricks.com/
COMPUTE ENGINES,Distributed Compute,Google Cloud Dataproc,https://cloud.google.com/dataproc
COMPUTE ENGINES,Distributed Compute,Google Cloud Pub/Sub,https://cloud.google.com/pubsub
COMPUTE ENGINES,Distributed Compute,Google Dataflow,https://cloud.google.com/dataflow
COMPUTE ENGINES,Distributed Compute,MapReduce,https://hadoop.apache.org/docs/r1.2.1/mapred_tutorial.html
COMPUTE ENGINES,Distributed Compute,Microsoft,https://azure.microsoft.com/en-us/services/databricks/
COMPUTE ENGINES,Distributed Compute,Ray,https://www.ray.io/
COMPUTE ENGINES,Distributed Compute,Trino,https://trino.io/
DATA LAKE,Object Storage,Alibaba Cloud OSS,https://www.alibabacloud.com/product/oss
DATA LAKE,Object Storage,Amazon S3,https://aws.amazon.com/s3/
DATA LAKE,Object Storage,Apache HDFS,https://hadoop.apache.org/docs/r1.2.1/hdfs_design.html
DATA LAKE,Object Storage,Azure Blob Storage,https://azure.microsoft.com/products/storage/blobs/
DATA LAKE,Object Storage,Backblaze,https://www.backblaze.com/cloud-storage
DATA LAKE,Object Storage,Ceph,https://ceph.io/ceph-storage/object-storage/
DATA LAKE,Object Storage,Cloudfiles,https://www.cloudfiles.io/
DATA LAKE,Object Storage,Cloudflare R2,https://www.cloudflare.com/developer-platform/r2/
DATA LAKE,Object Storage,DigitalOcean Spaces,https://www.digitalocean.com/products/spaces/
DATA LAKE,Object Storage,G C,https://cloud.google.com/pubsub
DATA LAKE,Object Storage,Google Cloud Storage,https://cloud.google.com/storage
DATA LAKE,Object Storage,IBM Cloud Object Storage,https://www.ibm.com/cloud/storage
DATA LAKE,Object Storage,Idrive,https://www.idrive.com/
DATA LAKE,Object Storage,MinIO,https://min.io/
DATA LAKE,Object Storage,NetApp StorageGRID,https://www.netapp.com/data-storage/storagegrid/
DATA LAKE,Object Storage,Oracle Cloud Storage,https://www.oracle.com/cloud/storage/
DATA LAKE,Object Storage,Pure Storage,https://www.purestorage.com/
DATA LAKE,Object Storage,Storj,https://www.storj.io/
DATA LAKE,Object Storage,VAST Data,https://vastdata.com/
DATA LAKE,Object Storage,Wasabi,https://wasabi.com/
DATA LAKE,Object Storage,Zadara,https://www.zadara.com/
DATA VERSION CONTROL,,DVC,https://dvc.org/
DATA VERSION CONTROL,,Git-lfs,https://git-lfs.com/
DATA VERSION CONTROL,,Oxen,https://www.oxen.ai/
DATA VERSION CONTROL,,Pachyderm,https://www.pachyderm.com/
DATA VERSION CONTROL,,Projectnessie,https://projectnessie.org/
DATA VERSION CONTROL,,Quilt,https://www.quilt.bio/
DATA VERSION CONTROL,,Underhive,https://underhive.ai/
DATA VERSION CONTROL,,lakeFS,https://lakefs.io/
GOVERNANCE,Data Catalog / Governance,Acryldata,https://www.acryldata.io/
GOVERNANCE,Data Catalog / Governance,Alation,https://www.alation.com/
GOVERNANCE,Data Catalog / Governance,Amazon SageMaker,https://aws.amazon.com/sagemaker/
GOVERNANCE,Data Catalog / Governance,Amundsen,https://www.amundsen.io/
GOVERNANCE,Data Catalog / Governance,Apache,https://atlas.apache.org/#/
GOVERNANCE,Data Catalog / Governance,Arize,https://arize.com/
GOVERNANCE,Data Catalog / Governance,Atlan,https://atlan.com/
GOVERNANCE,Data Catalog / Governance,Bigid,https://bigid.com/
GOVERNANCE,Data Catalog / Governance,Boomi,https://boomi.com/platform/master-data-hub/#/706e6e/home
GOVERNANCE,Data Catalog / Governance,Ckan,https://ckan.org/
GOVERNANCE,Data Catalog / Governance,Clear,https://clear.ml/
GOVERNANCE,Data Catalog / Governance,Collibra,https://www.collibra.com/us/en
GOVERNANCE,Data Catalog / Governance,Data,https://data.world/
GOVERNANCE,Data Catalog / Governance,Datalad,https://www.datalad.org/
GOVERNANCE,Data Catalog / Governance,Datarobot,https://www.datarobot.com/
GOVERNANCE,Data Catalog / Governance,Datastrato,https://datastrato.ai/gravitino/
GOVERNANCE,Data Catalog / Governance,Deeplake,https://www.deeplake.ai/
GOVERNANCE,Data Catalog / Governance,Delta Live Tables,https://www.databricks.com/product/delta-live-tables
GOVERNANCE,Data Catalog / Governance,Domino,https://domino.ai/
GOVERNANCE,Data Catalog / Governance,Fb,https://engineering.fb.com/2020/10/09/data-infrastructure/nemo/
GOVERNANCE,Data Catalog / Governance,Firsteigen,https://firsteigen.com/
GOVERNANCE,Data Catalog / Governance,Github,https://github.com/facebookresearch/faiss
GOVERNANCE,Data Catalog / Governance,Google,https://cloud.google.com/dataform
GOVERNANCE,Data Catalog / Governance,Google Cloud Dataproc,https://cloud.google.com/dataproc-metastore/docs/overview
GOVERNANCE,Data Catalog / Governance,Gretel,https://gretel.ai/
GOVERNANCE,Data Catalog / Governance,Honeyhive,https://www.honeyhive.ai/
GOVERNANCE,Data Catalog / Governance,Ibm,https://www.ibm.com/products/knowledge-catalog
GOVERNANCE,Data Catalog / Governance,Iguazio,http://www.iguazio.com/
GOVERNANCE,Data Catalog / Governance,Immuta,https://www.immuta.com/
GOVERNANCE,Data Catalog / Governance,Magda,https://magda.io/
GOVERNANCE,Data Catalog / Governance,Marquezproject,https://marquezproject.ai/
GOVERNANCE,Data Catalog / Governance,Nannyml,https://www.nannyml.com/
GOVERNANCE,Data Catalog / Governance,OpenMetadata,https://open-metadata.org/
GOVERNANCE,Data Catalog / Governance,Opendatadiscovery,https://opendatadiscovery.org/
GOVERNANCE,Data Catalog / Governance,Raito,https://www.raito.io/
GOVERNANCE,Data Catalog / Governance,Satoricyber,https://satoricyber.com/
GOVERNANCE,Data Catalog / Governance,Selectstar,https://www.selectstar.com/
GOVERNANCE,Data Catalog / Governance,Tigrisdata,https://www.tigrisdata.com/
GOVERNANCE,Data Catalog / Governance,Valohai,https://valohai.com/
GOVERNANCE,Data Catalog / Governance,Ydata,https://ydata.ai/
GOVERNANCE,Data Catalog / Governance,Zeenea,https://zeenea.com/
GOVERNANCE,Data Catalog / Governance,Zenml,https://zenml.io/
INGEST,Ingest SaaS,Airbyte,https://airbyte.com/
INGEST,Ingest SaaS,Dataddo,https://www.dataddo.com/
INGEST,Ingest SaaS,Estuary,https://estuary.dev/
INGEST,Ingest SaaS,Fivetran,https://fivetran.com/
INGEST,Ingest SaaS,Hevo Data,https://hevodata.com/
INGEST,Ingest SaaS,Integrate.io,https://www.integrate.io/
INGEST,Ingest SaaS,Keboola,https://www.keboola.com/
INGEST,Ingest SaaS,Matillion,https://www.matillion.com/
INGEST,Ingest SaaS,Polytomic,https://www.polytomic.com/
INGEST,Ingest SaaS,Portable,https://portable.io/
INGEST,Ingest SaaS,Rivery,https://rivery.io/
INGEST,Ingest SaaS,RudderStack,https://www.rudderstack.com/
INGEST,Ingest SaaS,Segment,https://segment.com/
INGEST,Ingest SaaS,Snowplow,https://snowplow.io/
INGEST,Ingest SaaS,Trocco,https://global.trocco.io/
INGEST,Ingest Tech,Airbyte,https://airbyte.com/
INGEST,Ingest Tech,Amazon Kinesis,https://aws.amazon.com/kinesis/
INGEST,Ingest Tech,Apache,https://flume.apache.org/
INGEST,Ingest Tech,Apache Beam,https://beam.apache.org/
INGEST,Ingest Tech,Apache Flink,https://flink.apache.org/
INGEST,Ingest Tech,Apache Kafka,https://kafka.apache.org/
INGEST,Ingest Tech,Apache NiFi,https://nifi.apache.org/
INGEST,Ingest Tech,Apache Pulsar,https://pulsar.apache.org
INGEST,Ingest Tech,Apache Spark,https://spark.apache.org/streaming/
INGEST,Ingest Tech,Apache Storm,https://storm.apache.org/
INGEST,Ingest Tech,Confluent,https://www.confluent.io/
INGEST,Ingest Tech,Decodable,https://www.decodable.co/
INGEST,Ingest Tech,G,https://cloud.google.com/pubsub
INGEST,Ingest Tech,Github,https://github.com/meltano
INGEST,Ingest Tech,Google Cloud Pub/Sub,https://cloud.google.com/pubsub
INGEST,Ingest Tech,Informatica,https://www.informatica.com/
INGEST,Ingest Tech,Kaskada,https://kaskada.com/
INGEST,Ingest Tech,Materialize,https://materialize.com/docs/ingest-data/
INGEST,Ingest Tech,Memphis,https://docs.memphis.dev/memphis
INGEST,Ingest Tech,Microsoft,https://azure.microsoft.com/en-us/products/data-factory/
INGEST,Ingest Tech,Redpanda,https://redpanda.com/
INGEST,Ingest Tech,StreamNative,https://streamnative.io/
INGEST,Ingest Tech,Striim,https://www.striim.com/
INGEST,Ingest Tech,Upsolver,https://www.upsolver.com/
INGEST,Ingest Tech,WarpStream,https://www.warpstream.com/
INGEST,Reverse ETL,Getcensus,https://getcensus.com/
INGEST,Reverse ETL,Grouparoo,https://www.grouparoo.com/
INGEST,Reverse ETL,Headsup,https://www.headsup.ai/
INGEST,Reverse ETL,Hightouch,https://www.hightouch.io/
INGEST,Reverse ETL,Octolis,https://octolis.com/
INGEST,Reverse ETL,Omnata,https://omnata.com/
INGEST,Reverse ETL,Polytomic,https://www.polytomic.com/
INGEST,Reverse ETL,RudderStack,https://www.rudderstack.com/
INGEST,Reverse ETL,Seekwell,https://seekwell.io/
INGEST,Reverse ETL,Trocco,https://global.trocco.io/
METADATA,Metastores,AWS Glue,https://aws.amazon.com/glue/
METADATA,Metastores,Apache Hive,https://hive.apache.org/
METADATA,Metastores,Azure Purview,https://azure.microsoft.com/en-us/products/purview
METADATA,Metastores,C,https://cloud.google.com/pubsub
METADATA,Metastores,Cloud Dataproc,https://cloud.google.com/blog/products/data-analytics/use-new-apache-hive-metastore-easily-in-cloud
METADATA,Metastores,Cloudera,https://www.cloudera.com/
METADATA,Metastores,Datastrato,https://datastrato.ai/gravitino/
METADATA,Metastores,Microsoft Purview,https://azure.microsoft.com/en-us/products/purview
METADATA,Metastores,Openhousedb,https://www.openhousedb.org/docs/intro/
METADATA,Metastores,Tabular,https://tabular.io/
METADATA,Metastores,Unity Catalog,https://www.databricks.com/product/unity-catalog
METADATA,Open Table Formats,Apache,https://orc.apache.org/docs/acid.html
METADATA,Open Table Formats,Apache Hudi,https://hudi.apache.org/
METADATA,Open Table Formats,Apache Iceberg,https://iceberg.apache.org/
METADATA,Open Table Formats,Delta Lake,https://delta.io/
METADATA,Open Table Formats,Onehouse,https://www.onehouse.ai/
PIPELINES,Data Quality / Observability,Acceldata,https://www.acceldata.io/
PIPELINES,Data Quality / Observability,Activeloop,https://www.activeloop.ai/
PIPELINES,Data Quality / Observability,Aimon,https://aimon.ai/
PIPELINES,Data Quality / Observability,Anomalo,https://www.anomalo.com/
PIPELINES,Data Quality / Observability,Apache,https://griffin.apache.org/
PIPELINES,Data Quality / Observability,Apache Zeppelin,https://zeppelin.apache.org/
PIPELINES,Data Quality / Observability,Bigeye,https://www.bigeye.com/
PIPELINES,Data Quality / Observability,ClickHouse,https://clickhouse.com/use-cases/machine-learning-and-data-science
PIPELINES,Data Quality / Observability,Cloudbank,https://www.cloudbank.org/tool/azure-notebooks
PIPELINES,Data Quality / Observability,Databricks,https://www.databricks.com/product/data-intelligence-platform
PIPELINES,Data Quality / Observability,Datachain,https://datachain.ai/
PIPELINES,Data Quality / Observability,Datafold,https://www.datafold.com/
PIPELINES,Data Quality / Observability,Datorios,https://datorios.com/
PIPELINES,Data Quality / Observability,Deepchecks,https://www.deepchecks.com/
PIPELINES,Data Quality / Observability,Elementary,https://www.elementary-data.com/
PIPELINES,Data Quality / Observability,Foundational,https://www.foundational.io/
PIPELINES,Data Quality / Observability,Github,https://github.com/awslabs/deequ
PIPELINES,Data Quality / Observability,Great Expectations,https://greatexpectations.io/
PIPELINES,Data Quality / Observability,Holoclean,http://www.holoclean.io/
PIPELINES,Data Quality / Observability,Ibm,https://www.ibm.com/products/databand
PIPELINES,Data Quality / Observability,Jupyter,https://jupyter.org/
PIPELINES,Data Quality / Observability,Kaggle,https://www.kaggle.com/code
PIPELINES,Data Quality / Observability,Kensu,https://www.kensu.io/
PIPELINES,Data Quality / Observability,Lightup,https://www.lightup.ai/
PIPELINES,Data Quality / Observability,Metaplane,https://www.metaplane.dev/
PIPELINES,Data Quality / Observability,Monte Carlo,https://www.montecarlodata.com/
PIPELINES,Data Quality / Observability,Pinecone,https://www.pinecone.io/
PIPELINES,Data Quality / Observability,Qdrant,https://qdrant.tech/
PIPELINES,Data Quality / Observability,Robustintelligence,https://www.robustintelligence.com/
PIPELINES,Data Quality / Observability,Soda,https://www.soda.io/
PIPELINES,Data Quality / Observability,Stack-ai,https://www.stack-ai.com/
PIPELINES,Data Quality / Observability,Timeseer,https://www.timeseer.ai/
PIPELINES,Data Quality / Observability,Truera,https://truera.com/
PIPELINES,Data Quality / Observability,Union,https://www.union.ai/pandera
PIPELINES,Data Quality / Observability,Unraveldata,https://www.unraveldata.com/
PIPELINES,Data Quality / Observability,Whylabs,https://whylabs.ai/
PIPELINES,Orchestration,Abacus,https://abacus.ai/
PIPELINES,Orchestration,Apache,https://oozie.apache.org/
PIPELINES,Orchestration,Apache Airflow,https://airflow.apache.org/
PIPELINES,Orchestration,Astronomer,https://www.astronomer.io/
PIPELINES,Orchestration,Dagster,https://dagster.io/
PIPELINES,Orchestration,Dagworks,https://www.dagworks.io/
PIPELINES,Orchestration,Flyte,http://www.flyte.org
PIPELINES,Orchestration,Github,https://github.com/spotify/luigi
PIPELINES,Orchestration,Google,https://cloud.google.com/workflows?hl=en
PIPELINES,Orchestration,Google Vertex AI,https://cloud.google.com/vertex-ai
PIPELINES,Orchestration,H2o,https://h2o.ai/
PIPELINES,Orchestration,Kedro,https://kedro.org/
PIPELINES,Orchestration,Kestra,https://kestra.io/
PIPELINES,Orchestration,Kubeflow,https://www.kubeflow.org/docs/components/pipelines/
PIPELINES,Orchestration,Mage,https://www.mage.ai/
PIPELINES,Orchestration,Metaflow,https://metaflow.org/
PIPELINES,Orchestration,Microsoft,https://azure.microsoft.com/en-us/products/data-factory
PIPELINES,Orchestration,Mltwist,http://www.mltwist.com
PIPELINES,Orchestration,Modular,https://www.modular.com/
PIPELINES,Orchestration,Orkes,https://www.orkes.io/
PIPELINES,Orchestration,Prefect,https://www.prefect.io/
PIPELINES,Orchestration,Sematic,https://www.sematic.dev/
PIPELINES,Orchestration,Seqera,https://seqera.io/
PIPELINES,Orchestration,Shipyard,https://www.shipyardapp.com/
PIPELINES,Orchestration,Stitch,https://www.stitchdata.com/
PIPELINES,Orchestration,Union,https://www.union.ai/
PRACTITIONER APPS,Analytics Workflows,Cocalc,https://cocalc.com/
PRACTITIONER APPS,Analytics Workflows,Count,https://count.co/
PRACTITIONER APPS,Analytics Workflows,Deepnote,https://deepnote.com/
PRACTITIONER APPS,Analytics Workflows,Hex,https://hex.tech/
PRACTITIONER APPS,Analytics Workflows,Querybook,https://www.querybook.org/
PRACTITIONER APPS,Data Centric AI/ML,Alectio,https://alectio.com/
PRACTITIONER APPS,Data Centric AI/ML,Apache Hudi,https://hudi.apache.org/
PRACTITIONER APPS,Data Centric AI/ML,Dataloop,https://dataloop.ai/
PRACTITIONER APPS,Data Centric AI/ML,Dvid,https://dvid.io/
PRACTITIONER APPS,Data Centric AI/ML,Graviti,https://www.graviti.com/
PRACTITIONER APPS,Data Centric AI/ML,Labelbox,https://labelbox.com/
PRACTITIONER APPS,Data Centric AI/ML,Pachyderm,https://www.pachyderm.com/
PRACTITIONER APPS,Data Centric AI/ML,Scale,https://scale.com/
PRACTITIONER APPS,Data Centric AI/ML,Snorkel,https://www.snorkel.org/
PRACTITIONER APPS,Data Centric AI/ML,Tasq,https://www.tasq.ai/
PRACTITIONER APPS,Data Centric AI/ML,Toloka,https://toloka.ai/
PRACTITIONER APPS,Data Centric AI/ML,V7labs,https://www.v7labs.com/
PRACTITIONER APPS,Data Centric AI/ML,Voxel51,https://docs.voxel51.com/
PRACTITIONER APPS,Data Centric AI/ML,dstack,https://dstack.ai/docs/
PRACTITIONER APPS,ML/AI Observability & Monitoring,Aporia,https://www.aporia.com/
PRACTITIONER APPS,ML/AI Observability & Monitoring,Arthur,https://www.arthur.ai/
PRACTITIONER APPS,ML/AI Observability & Monitoring,Braintrustdata,https://www.braintrustdata.com/
PRACTITIONER APPS,ML/AI Observability & Monitoring,Censius,https://censius.ai/
PRACTITIONER APPS,ML/AI Observability & Monitoring,Distributional,https://distributional.com/
PRACTITIONER APPS,ML/AI Observability & Monitoring,Evidentlyai,https://www.evidentlyai.com/
PRACTITIONER APPS,ML/AI Observability & Monitoring,Fiddler,https://www.fiddler.ai/
PRACTITIONER APPS,ML/AI Observability & Monitoring,Giskard,https://www.giskard.ai/
PRACTITIONER APPS,ML/AI Observability & Monitoring,Howso,https://www.howso.com/
PRACTITIONER APPS,ML/AI Observability & Monitoring,Hydrosphere,https://hydrosphere.io/
PRACTITIONER APPS,ML/AI Observability & Monitoring,Latticeflow,https://latticeflow.ai/
PRACTITIONER APPS,ML/AI Observability & Monitoring,Monalabs,https://www.monalabs.io/
PRACTITIONER APPS,ML/AI Observability & Monitoring,Patronus,https://www.patronus.ai/
PRACTITIONER APPS,ML/AI Observability & Monitoring,Rungalileo,https://www.rungalileo.io/
PRACTITIONER APPS,ML/AI Observability & Monitoring,Superwise,https://superwise.ai/
PRACTITIONER APPS,ML/AI Observability & Monitoring,Whylabs,https://whylabs.ai/
PRACTITIONER APPS,MLOps End-to-End,Aible,https://www.aible.com/
PRACTITIONER APPS,MLOps End-to-End,Baseten,https://www.baseten.co/
PRACTITIONER APPS,MLOps End-to-End,Bentoml,https://www.bentoml.com/
PRACTITIONER APPS,MLOps End-to-End,Cnvrg,https://cnvrg.io/
PRACTITIONER APPS,MLOps End-to-End,Comet,https://www.comet.com/site/
PRACTITIONER APPS,MLOps End-to-End,DVC,https://dvc.org/doc/studio
PRACTITIONER APPS,MLOps End-to-End,Dagshub,https://dagshub.com/
PRACTITIONER APPS,MLOps End-to-End,Dataiku,https://www.dataiku.com/
PRACTITIONER APPS,MLOps End-to-End,Dotdata,https://dotdata.com/
PRACTITIONER APPS,MLOps End-to-End,Feast,https://feast.dev/
PRACTITIONER APPS,MLOps End-to-End,Graft,https://www.graft.com/
PRACTITIONER APPS,MLOps End-to-End,Hopsworks,https://www.hopsworks.ai/
PRACTITIONER APPS,MLOps End-to-End,Hugging Face,https://huggingface.co/
PRACTITIONER APPS,MLOps End-to-End,Kubeflow,https://www.kubeflow.org/
PRACTITIONER APPS,MLOps End-to-End,MLflow,https://mlflow.org/
PRACTITIONER APPS,MLOps End-to-End,Metaflow,https://metaflow.org/
PRACTITIONER APPS,MLOps End-to-End,Microsoft,https://azure.microsoft.com/en-us/products/machine-learning/
PRACTITIONER APPS,MLOps End-to-End,Neptune,https://neptune.ai/
PRACTITIONER APPS,MLOps End-to-End,Qwak,https://www.qwak.com/
PRACTITIONER APPS,MLOps End-to-End,Saturncloud,https://saturncloud.io/
PRACTITIONER APPS,MLOps End-to-End,Seldon,https://www.seldon.io/
PRACTITIONER APPS,MLOps End-to-End,Tecton,https://www.tecton.ai/
PRACTITIONER APPS,MLOps End-to-End,Uber,https://eng.uber.com/michelangelo-machine-learning-platform/
PRACTITIONER APPS,MLOps End-to-End,Wallaroo,https://www.wallaroo.ai/
PRACTITIONER APPS,MLOps End-to-End,Wandb,https://wandb.ai/site
PRACTITIONER APPS,Notebooks,Colab,https://colab.google/
PRACTITIONER APPS,Notebooks,Jetbrains,https://www.jetbrains.com/datalore/
PRACTITIONER APPS,Notebooks,Notebooks,https://www.databricks.com/product/collaborative-notebooks
PRACTITIONER APPS,Notebooks,Nteract,https://nteract.io/
PRACTITIONER APPS,Vector DBs,Apache,https://cassandra.apache.org/_/index.html
PRACTITIONER APPS,Vector DBs,Chroma,https://www.trychroma.com/
PRACTITIONER APPS,Vector DBs,Deeplake,https://www.deeplake.ai/
PRACTITIONER APPS,Vector DBs,Elastic,https://www.elastic.co/what-is/vector-search
PRACTITIONER APPS,Vector DBs,Github,https://github.com/pgvector/pgvector
PRACTITIONER APPS,Vector DBs,Kx,https://kx.com/
PRACTITIONER APPS,Vector DBs,Marqo,https://www.marqo.ai/
PRACTITIONER APPS,Vector DBs,Milvus,https://milvus.io/
PRACTITIONER APPS,Vector DBs,Mongodb,https://www.mongodb.com/
PRACTITIONER APPS,Vector DBs,Opensearch,https://opensearch.org/
PRACTITIONER APPS,Vector DBs,Vdaas,https://vald.vdaas.org/
PRACTITIONER APPS,Vector DBs,Vespa,https://vespa.ai/
PRACTITIONER APPS,Vector DBs,Weaviate,https://weaviate.io/
PRACTITIONER APPS,Vector DBs,Zilliz,https://zilliz.com/cloud
